{
  "best_model": "gbdt",
  "test_metrics": {
    "MAE": 666.6076525618882,
    "RMSE": 883.3146752865191,
    "MAPE": 1.3869456244855147,
    "R2": 0.9914140681954606
  },
  "ensemble_mape": 1.391490268470218,
  "prediction_interval_coverage_pct": 91.73862982153138,
  "all_models_test": {
    "gbdt": {
      "MAE": 666.6076525618882,
      "RMSE": 883.3146752865191,
      "MAPE": 1.3869456244855147,
      "R2": 0.9914140681954606
    },
    "random_forest": {
      "MAE": 740.4482660036253,
      "RMSE": 995.3639148565901,
      "MAPE": 1.5078754240778975,
      "R2": 0.9890976447996334
    },
    "decision_tree": {
      "MAE": 954.5826734370341,
      "RMSE": 1305.117220585578,
      "MAPE": 1.9688091695641348,
      "R2": 0.9812562888383238
    },
    "linear_regression": {
      "MAE": 1121.8437819715384,
      "RMSE": 1413.6818075847561,
      "MAPE": 2.3249947280573138,
      "R2": 0.9780082453633071
    },
    "svm": {
      "MAE": 2389.652723554536,
      "RMSE": 3252.496291046192,
      "MAPE": 4.886242366480025,
      "R2": 0.8835900338257725
    }
  }
}